Name,Address,Email,Phone
John Smith,MG Road Bangalore,john@gmail.com,9876543210
Ananya Verma,BTM Layout Bangalore,ananya.verma@gmail.com,7863794026
Ritu Nair,Indiranagar Bangalore,ritu.nair@yahoo.com,8116155940
Anil Pillai,Sarjapur Road Bangalore,anil.pillai@gmail.com,9184959310
Ravi Gupta,Yeshwanthpur Bangalore,ravi.gupta@outlook.com,6316475255
Divya Subramaniam,Marathahalli Bangalore,divya.subramaniam@gmail.com,7832764835
Asha Kapoor,Whitefield Bangalore,asha.kapoor@yahoo.com,6564139537
Swati Saxena,Frazer Town Bangalore,swati.saxena@rediffmail.com,7423884969
Swati Shah,BTM Layout Bangalore,swati.shah@yahoo.com,9101226916
Vivek Rangan,Basavanagudi Bangalore,vivek.rangan@outlook.com,6184514627
John Malhotra,Kengeri Bangalore,john.malhotra@outlook.com,7814893252
Naveen Kapoor,Bellandur Bangalore,naveen.kapoor@gmail.com,8701543039
Ananya Reddy,Kengeri Bangalore,ananya.reddy@rediffmail.com,6822782489
Anjali Verma,Sarjapur Road Bangalore,anjali.verma@yahoo.com,8657871331
Ritu Smith,Domlur Bangalore,ritu.smith@yahoo.com,7010310518
Meera Nair,Ulsoor Bangalore,meera.nair@rediffmail.com,7829973763
Rohan Sharma,Ulsoor Bangalore,rohan.sharma@rediffmail.com,8667010651
Meera Verma,JP Nagar Bangalore,meera.verma@rediffmail.com,7624731781
Priya Krishnan,Sarjapur Road Bangalore,priya.krishnan@gmail.com,6326773602
Vivek Smith,Malleshwaram Bangalore,vivek.smith@outlook.com,9468723430
Geeta Malhotra,Sarjapur Road Bangalore,geeta.malhotra@gmail.com,8009788208
Ananya Bansal,Jayanagar Bangalore,ananya.bansal@gmail.com,6361939909
Ananya Desai,Ulsoor Bangalore,ananya.desai@outlook.com,8353462475
Dinesh Trivedi,HSR Layout Bangalore,dinesh.trivedi@gmail.com,9991183842
Sanjay Saxena,HSR Layout Bangalore,sanjay.saxena@yahoo.com,8427849808
Shreya Trivedi,Ulsoor Bangalore,shreya.trivedi@gmail.com,7411824493
Rekha Patel,JP Nagar Bangalore,rekha.patel@outlook.com,9401640052
Harish Nair,Jayanagar Bangalore,harish.nair@rediffmail.com,9801128059
Sunita Rao,Rajajinagar Bangalore,sunita.rao@yahoo.com,6450533158
Deepak Rangan,Kengeri Bangalore,deepak.rangan@yahoo.com,7226025634
Aditya Chopra,Vijayanagar Bangalore,aditya.chopra@gmail.com,9073375433
Rahul Subramaniam,JP Nagar Bangalore,rahul.subramaniam@rediffmail.com,8414586850
Sneha Saxena,Marathahalli Bangalore,sneha.saxena@yahoo.com,8019655698
Sneha Joshi,Domlur Bangalore,sneha.joshi@yahoo.com,8060883561
Ravi Trivedi,Yelahanka Bangalore,ravi.trivedi@outlook.com,6484656482
Karan Desai,Ulsoor Bangalore,karan.desai@rediffmail.com,7994680443
Anjali Chopra,Domlur Bangalore,anjali.chopra@outlook.com,9773872148
Ravi Krishnan,RT Nagar Bangalore,ravi.krishnan@outlook.com,6343320037
Uma Bansal,Yeshwanthpur Bangalore,uma.bansal@gmail.com,9693676320
Dinesh Bansal,Yeshwanthpur Bangalore,dinesh.bansal@gmail.com,9328708317
Arjun Chopra,Basavanagudi Bangalore,arjun.chopra@outlook.com,9986872774
Dinesh Gupta,Frazer Town Bangalore,dinesh.gupta@outlook.com,9347143455
Naveen Reddy,Indiranagar Bangalore,naveen.reddy@yahoo.com,7623166587
Deepak Kumar,JP Nagar Bangalore,deepak.kumar@rediffmail.com,9909670546
Deepak Bose,Kengeri Bangalore,deepak.bose@yahoo.com,9346706562
Kiran Trivedi,Indiranagar Bangalore,kiran.trivedi@gmail.com,9990162720
Amit Joshi,Yelahanka Bangalore,amit.joshi@yahoo.com,9556464170
Seema Bose,Whitefield Bangalore,seema.bose@outlook.com,7100330923
Arjun Chatterjee,Ulsoor Bangalore,arjun.chatterjee@gmail.com,7745299124
Rohan Naidu,MG Road Bangalore,rohan.naidu@outlook.com,9631931491